<keymap version="1" name="Default copy" parent="Default for XWin">
  <action id="$Copy">
    <keyboard-shortcut first-keystroke="ctrl c" />
    <keyboard-shortcut first-keystroke="ctrl insert" />
    <keyboard-shortcut first-keystroke="shift ctrl c" />
  </action>
  <action id="$Paste">
    <keyboard-shortcut first-keystroke="ctrl v" />
    <keyboard-shortcut first-keystroke="shift insert" />
    <keyboard-shortcut first-keystroke="shift ctrl v" />
  </action>
  <action id="ActivateTerminalToolWindow">
    <keyboard-shortcut first-keystroke="ctrl windows" />
    <keyboard-shortcut first-keystroke="ctrl back_quote" />
  </action>
  <action id="CloseContent">
    <keyboard-shortcut first-keystroke="ctrl f4" />
    <keyboard-shortcut first-keystroke="ctrl w" />
  </action>
  <action id="Editor Copy">
    <keyboard-shortcut first-keystroke="shift ctrl c" />
  </action>
  <action id="Editor Paste">
    <keyboard-shortcut first-keystroke="shift ctrl v" />
  </action>
  <action id="EditorSelectWord" />
  <action id="FileChooser.TogglePathBar" />
  <action id="GotoFile">
    <keyboard-shortcut first-keystroke="ctrl p" />
  </action>
  <action id="ManageRecentProjects">
    <keyboard-shortcut first-keystroke="shift ctrl n" />
  </action>
  <action id="ParameterInfo" />
  <action id="QuickChangeScheme" />
  <action id="QuickImplementations" />
  <action id="ReformatCode">
    <keyboard-shortcut first-keystroke="ctrl alt l" />
    <keyboard-shortcut first-keystroke="shift ctrl i" />
  </action>
  <action id="Replace">
    <keyboard-shortcut first-keystroke="ctrl r" />
    <keyboard-shortcut first-keystroke="ctrl h" />
  </action>
  <action id="ShowSettings">
    <keyboard-shortcut first-keystroke="ctrl alt s" />
    <keyboard-shortcut first-keystroke="ctrl comma" />
  </action>
  <action id="SmartSelect" />
  <action id="TableResult.GrowSelection" />
  <action id="TypeHierarchy" />
  <action id="TypeHierarchyBase.BaseOnThisType" />
</keymap>