<keymap version="1" name="my_keymap_VSCode" parent="VSCode">
  <action id="$Copy">
    <keyboard-shortcut first-keystroke="ctrl c" />
    <keyboard-shortcut first-keystroke="ctrl insert" />
    <keyboard-shortcut first-keystroke="shift ctrl c" />
  </action>
  <action id="$Paste">
    <keyboard-shortcut first-keystroke="ctrl v" />
    <keyboard-shortcut first-keystroke="shift insert" />
    <keyboard-shortcut first-keystroke="shift ctrl v" />
  </action>
  <action id="ActivateProjectToolWindow">
    <keyboard-shortcut first-keystroke="shift ctrl e" />
    <keyboard-shortcut first-keystroke="ctrl 0" />
  </action>
  <action id="Arrangement.Rule.Group.Condition.Move.Up" />
  <action id="Back">
    <mouse-shortcut keystroke="button4" />
  </action>
  <action id="CIDR.Debugger.CopyAddress">
    <keyboard-shortcut first-keystroke="shift alt c" />
  </action>
  <action id="CloseAllEditors" />
  <action id="CloseProject" />
  <action id="CollapseAllRegions">
    <keyboard-shortcut first-keystroke="shift ctrl minus" />
  </action>
  <action id="CollapseRegion">
    <keyboard-shortcut first-keystroke="shift ctrl open_bracket" />
    <keyboard-shortcut first-keystroke="ctrl minus" />
  </action>
  <action id="CollapseRegionRecursively" />
  <action id="CommentByLineComment">
    <keyboard-shortcut first-keystroke="ctrl slash" />
  </action>
  <action id="CompareClipboardWithSelection" />
  <action id="CopyAbsolutePath">
    <keyboard-shortcut first-keystroke="shift alt c" />
  </action>
  <action id="CopyPaths">
    <keyboard-shortcut first-keystroke="shift alt c" />
  </action>
  <action id="DatabaseView.CopyDdlAction">
    <keyboard-shortcut first-keystroke="shift ctrl alt g" />
  </action>
  <action id="EditSourceInNewWindow" />
  <action id="Editor Copy">
    <keyboard-shortcut first-keystroke="shift ctrl c" />
  </action>
  <action id="Editor Paste">
    <keyboard-shortcut first-keystroke="shift ctrl v" />
  </action>
  <action id="EditorDecreaseFontSize" />
  <action id="EditorIncreaseFontSize" />
  <action id="EditorJoinLines" />
  <action id="EditorNextWord" />
  <action id="EditorPreviousWord" />
  <action id="EditorScrollDown">
    <keyboard-shortcut first-keystroke="ctrl down" />
  </action>
  <action id="EditorScrollLeft">
    <keyboard-shortcut first-keystroke="ctrl left" />
  </action>
  <action id="EditorScrollRight">
    <keyboard-shortcut first-keystroke="ctrl right" />
  </action>
  <action id="EditorScrollUp">
    <keyboard-shortcut first-keystroke="ctrl up" />
  </action>
  <action id="ExpandAllRegions">
    <keyboard-shortcut first-keystroke="shift ctrl equals" />
  </action>
  <action id="ExpandRegion">
    <keyboard-shortcut first-keystroke="shift ctrl close_bracket" />
    <keyboard-shortcut first-keystroke="ctrl equals" />
  </action>
  <action id="ExpandRegionRecursively" />
  <action id="Forward">
    <mouse-shortcut keystroke="button5" />
  </action>
  <action id="Git.Rename.Local.Branch">
    <keyboard-shortcut first-keystroke="f2" />
  </action>
  <action id="GotoBookmark0" />
  <action id="GotoNextError">
    <keyboard-shortcut first-keystroke="f8" />
    <keyboard-shortcut first-keystroke="f2" />
  </action>
  <action id="GotoPreviousError">
    <keyboard-shortcut first-keystroke="shift f8" />
    <keyboard-shortcut first-keystroke="shift f2" />
  </action>
  <action id="Help.KeymapReference" />
  <action id="JumpToLastChange" />
  <action id="ManageRecentProjects">
    <keyboard-shortcut first-keystroke="shift ctrl r" />
  </action>
  <action id="MethodDown">
    <keyboard-shortcut first-keystroke="alt down" />
  </action>
  <action id="MethodUp">
    <keyboard-shortcut first-keystroke="alt up" />
  </action>
  <action id="MoveLineDown">
    <keyboard-shortcut first-keystroke="ctrl j" />
  </action>
  <action id="MoveLineUp">
    <keyboard-shortcut first-keystroke="ctrl k" />
  </action>
  <action id="MoveTabRight" />
  <action id="NextSplitter" />
  <action id="NextTab">
    <keyboard-shortcut first-keystroke="ctrl page_down" />
    <keyboard-shortcut first-keystroke="alt right" />
  </action>
  <action id="OpenFile">
    <keyboard-shortcut first-keystroke="ctrl o" />
    <keyboard-shortcut first-keystroke="shift ctrl n" />
  </action>
  <action id="PrevSplitter" />
  <action id="PreviousTab">
    <keyboard-shortcut first-keystroke="ctrl page_up" />
    <keyboard-shortcut first-keystroke="alt left" />
  </action>
  <action id="QuickChangeScheme" />
  <action id="Refactorings.QuickListPopupAction" />
  <action id="ReformatCode">
    <keyboard-shortcut first-keystroke="shift alt f" />
    <keyboard-shortcut first-keystroke="shift ctrl i" />
  </action>
  <action id="RemoteServers.EditServerConfig" />
  <action id="RenameElement">
    <keyboard-shortcut first-keystroke="f2" />
    <keyboard-shortcut first-keystroke="shift f6" />
  </action>
  <action id="RevealIn" />
  <action id="RunDashboard.EditConfiguration" />
  <action id="SaveAll" />
  <action id="ScrollPane-unitScrollDown" />
  <action id="ScrollPane-unitScrollUp" />
  <action id="TerminalDecreaseFontSize" />
  <action id="TerminalIncreaseFontSize" />
  <action id="ToggleZenMode" />
  <action id="org.intellij.plugins.markdown.ui.actions.styling.ToggleCodeSpanAction" />
</keymap>